ticker,sectorKey,industryKey
SLRX,healthcare,biotechnology
EXEL,healthcare,biotechnology
FOLD,healthcare,biotechnology
EYPT,healthcare,biotechnology
TGTX,healthcare,biotechnology
CGEN,healthcare,biotechnology
ARWR,healthcare,biotechnology
GYRE,healthcare,biotechnology
GMAB,healthcare,biotechnology
QLGN,healthcare,biotechnology
FATE,healthcare,biotechnology
PVLA,healthcare,biotechnology
EDSA,healthcare,biotechnology
ARDX,healthcare,biotechnology
PSTV,healthcare,biotechnology
SMMT,healthcare,biotechnology
RENB,healthcare,biotechnology
ORMP,healthcare,biotechnology
CAPR,healthcare,biotechnology
XTLB,healthcare,biotechnology
CRBP,healthcare,biotechnology
VSTM,healthcare,biotechnology
SLS,healthcare,biotechnology
FGEN,healthcare,biotechnology
NGNE,healthcare,biotechnology
TBPH,healthcare,biotechnology
LRMR,healthcare,biotechnology
PULM,healthcare,biotechnology
NAGE,healthcare,biotechnology
PRQR,healthcare,biotechnology
HURA,healthcare,biotechnology
ABUS,healthcare,biotechnology
LPCN,healthcare,biotechnology
CRVO,healthcare,biotechnology
MNKD,healthcare,biotechnology
ZVRA,healthcare,biotechnology
SCNI,healthcare,biotechnology
WVE,healthcare,biotechnology
INO,healthcare,biotechnology
ENTA,healthcare,biotechnology
ARCT,healthcare,biotechnology
BCTX,healthcare,biotechnology
PGEN,healthcare,biotechnology
VTVT,healthcare,biotechnology
TVTX,healthcare,biotechnology
BNTC,healthcare,biotechnology
VRDN,healthcare,biotechnology
MESO,healthcare,biotechnology
MGNX,healthcare,biotechnology
HYFT,healthcare,biotechnology
CRMD,healthcare,biotechnology
XBIT,healthcare,biotechnology
JAGX,healthcare,biotechnology
LGND,healthcare,biotechnology
IOVA,healthcare,biotechnology
GLPG,healthcare,biotechnology
PCSA,healthcare,biotechnology
AGIO,healthcare,biotechnology
PPBT,healthcare,biotechnology
BDRX,healthcare,biotechnology
ATHE,healthcare,biotechnology
BGMS,healthcare,biotechnology
REGN,healthcare,biotechnology
TECH,healthcare,biotechnology
ONC,healthcare,biotechnology
INCY,healthcare,biotechnology
XNCR,healthcare,biotechnology
INDP,healthcare,biotechnology
VERU,healthcare,biotechnology
KURA,healthcare,biotechnology
PPCB,healthcare,biotechnology
SLNO,healthcare,biotechnology
CORT,healthcare,biotechnology
INSM,healthcare,biotechnology
DYAI,healthcare,biotechnology
XOMA,healthcare,biotechnology
SYBX,healthcare,biotechnology
MNOV,healthcare,biotechnology
TRAW,healthcare,biotechnology
CLDX,healthcare,biotechnology
GLMD,healthcare,biotechnology
ORKA,healthcare,biotechnology
KZIA,healthcare,biotechnology
CSBR,healthcare,biotechnology
LSTA,healthcare,biotechnology
ELDN,healthcare,biotechnology
ALNY,healthcare,biotechnology
IMNN,healthcare,biotechnology
AXSM,healthcare,biotechnology
ENVB,healthcare,biotechnology
CRVS,healthcare,biotechnology
ATYR,healthcare,biotechnology
CRDF,healthcare,biotechnology
GALT,healthcare,biotechnology
CHRS,healthcare,biotechnology
RZLT,healthcare,biotechnology
VIVS,healthcare,biotechnology
NKTR,healthcare,biotechnology
SKYE,healthcare,biotechnology
SNDX,healthcare,biotechnology
FBIO,healthcare,biotechnology
RCKT,healthcare,biotechnology
BGMSP,healthcare,biotechnology
LITS,healthcare,biotechnology
MDGL,healthcare,biotechnology
JAZZ,healthcare,biotechnology
GERN,healthcare,biotechnology
VCEL,healthcare,biotechnology
ACHV,healthcare,biotechnology
VANI,healthcare,biotechnology
PMN,healthcare,biotechnology
TARA,healthcare,biotechnology
IBRX,healthcare,biotechnology
SGMO,healthcare,biotechnology
SAVA,healthcare,biotechnology
TPST,healthcare,biotechnology
CLLS,healthcare,biotechnology
MDWD,healthcare,biotechnology
CASI,healthcare,biotechnology
IMMP,healthcare,biotechnology
HALO,healthcare,biotechnology
IONS,healthcare,biotechnology
BLRX,healthcare,biotechnology
OMER,healthcare,biotechnology
AKTX,healthcare,biotechnology
PHIO,healthcare,biotechnology
TVRD,healthcare,biotechnology
ABEO,healthcare,biotechnology
DBVT,healthcare,biotechnology
CDTX,healthcare,biotechnology
CTMX,healthcare,biotechnology
BMRN,healthcare,biotechnology
PALI,healthcare,biotechnology
RGNX,healthcare,biotechnology
SNGX,healthcare,biotechnology
CBIO,healthcare,biotechnology
BRTX,healthcare,biotechnology
TTNP,healthcare,biotechnology
QURE,healthcare,biotechnology
MCRB,healthcare,biotechnology
PDSB,healthcare,biotechnology
CYTK,healthcare,biotechnology
PLUR,healthcare,biotechnology
PTCT,healthcare,biotechnology
EVGN,healthcare,biotechnology
ALDX,healthcare,biotechnology
ASMB,healthcare,biotechnology
CRIS,healthcare,biotechnology
VKTX,healthcare,biotechnology
VYGR,healthcare,biotechnology
AVTX,healthcare,biotechnology
SRPT,healthcare,biotechnology
VTGN,healthcare,biotechnology
ABVC,healthcare,biotechnology
EDIT,healthcare,biotechnology
ADVM,healthcare,biotechnology
ERNA,healthcare,biotechnology
GRCE,healthcare,biotechnology
COCP,healthcare,biotechnology
CLRB,healthcare,biotechnology
CELZ,healthcare,biotechnology
ICCC,healthcare,biotechnology
BCDA,healthcare,biotechnology
TNXP,healthcare,biotechnology
ADAP,healthcare,biotechnology
CDXS,healthcare,biotechnology
MDXG,healthcare,biotechnology
PMCB,healthcare,biotechnology
MRKR,healthcare,biotechnology
HRTX,healthcare,biotechnology
PRTA,healthcare,biotechnology
ACRS,healthcare,biotechnology
IBIO,healthcare,biotechnology
ATOS,healthcare,biotechnology
TCRT,healthcare,biotechnology
ANIX,healthcare,biotechnology
LXRX,healthcare,biotechnology
DMAC,healthcare,biotechnology
CPRX,healthcare,biotechnology
NVAX,healthcare,biotechnology
AGEN,healthcare,biotechnology
IRD,healthcare,biotechnology
DARE,healthcare,biotechnology
XENE,healthcare,biotechnology
KALV,healthcare,biotechnology
KPTI,healthcare,biotechnology
RLMD,healthcare,biotechnology
AVXL,healthcare,biotechnology
ADMA,healthcare,biotechnology
VRTX,healthcare,biotechnology
INVA,healthcare,biotechnology
NERV,healthcare,biotechnology
RIGL,healthcare,biotechnology
ASND,healthcare,biotechnology
OCGN,healthcare,biotechnology
KPRX,healthcare,biotechnology
ACAD,healthcare,biotechnology
ONCY,healthcare,biotechnology
SONN,healthcare,biotechnology
EPIX,healthcare,biotechnology
ATRA,healthcare,biotechnology
RARE,healthcare,biotechnology
OCUL,healthcare,biotechnology
VNDA,healthcare,biotechnology
CTXR,healthcare,biotechnology
IMUX,healthcare,biotechnology
TENX,healthcare,biotechnology
AUPH,healthcare,biotechnology
ENLV,healthcare,biotechnology
SYRE,healthcare,biotechnology
LIXT,healthcare,biotechnology
PBYI,healthcare,biotechnology
ATXS,healthcare,biotechnology
CARM,healthcare,biotechnology
